page_id,chart_id,page_index,page_family,page_type,codeability,confidence,label_basis,note
53688890_Pg2,53688890,2,Patient Demographics,Patient Demographics,codeable,high,content,Title reads Patient Demographics
53688890_Pg3,53688890,3,Progress Note,Visit Report,codeable,high,content,Title OFFICE VISIT REPORT 03/28/2024
53688890_Pg4,53688890,4,Progress Note,Visit Report,codeable,high,inherited,Continuation page 2 of office visit report
53688890_Pg5,53688890,5,Progress Note,Visit Report,codeable,high,inherited,Continuation page 3 plan and signature
53688890_Pg6,53688890,6,Progress Note,Visit Report,codeable,high,content,Title OFFICE VISIT REPORT 06/03/2024
53688890_Pg7,53688890,7,Progress Note,Visit Report,codeable,high,inherited,Continuation of 06/03/2024 visit report
53688890_Pg8,53688890,8,Progress Note,Visit Report,codeable,high,inherited,Continuation with cystoscopy assessment and plan
53688890_Pg9,53688890,9,Progress Note,Visit Report,codeable,high,inherited,Continuation signature page of visit report
53688890_Pg21,53688890,21,Procedure Note,Procedure Note,codeable,medium,content,Title INJECTION VISIT BCG treatment
53688890_Pg22,53688890,22,Procedure Note,Procedure Note,codeable,medium,inherited,Continuation BCG instillation dose 1/3
53688890_Pg23,53688890,23,Procedure Note,Procedure Note,codeable,medium,content,Title INJECTION VISIT 06/13/2024
53688890_Pg24,53688890,24,Procedure Note,Procedure Note,codeable,medium,inherited,Continuation BCG administration details
53688890_Pg25,53688890,25,Procedure Note,Procedure Note,codeable,medium,content,Title INJECTION VISIT 06/20/2024
53688890_Pg26,53688890,26,Procedure Note,Procedure Note,codeable,medium,inherited,Continuation BCG dose 3/3
53688890_Pg27,53688890,27,Radiology Report,Ultrasound Report,non_codeable,high,content,US Retroperitoneum Renal Complete findings impression
53688890_Pg29,53688890,29,Radiology Report,Ultrasound Report,non_codeable,high,content,ULTRASOUND RETROPERITONEUM COMPLETE findings impression
53688890_240126_2000_Pg2,53688890_240126_2000,2,Patient Demographics,Patient Demographics,codeable,high,content,Title Patient Demographics with insurance block
53688890_240126_2000_Pg10,53688890_240126_2000,10,Progress Note,Visit Report,codeable,medium,content,Title OFFICE VISIT REPORT 10/03/2024
53688890_240126_2000_Pg11,53688890_240126_2000,11,Progress Note,Visit Report,codeable,high,inherited,Continuation of office visit report
53688890_240126_2000_Pg12,53688890_240126_2000,12,Progress Note,Visit Report,codeable,medium,inherited,Continuation assessment and plan pages
53735073_Pg2,53735073,2,Patient Demographics,Patient Demographics,codeable,high,content,Titled Patient Demographics
53735073_Pg3,53735073,3,Progress Note,Progress Note,codeable,medium,content,Titled RADIATION FOLLOW UP NOTE
53735073_Pg4,53735073,4,Progress Note,Progress Note,codeable,medium,inherited,Continuation of radiation follow up note
53735073_Pg5,53735073,5,Progress Note,Progress Note,codeable,medium,inherited,Continuation of radiation follow up note
53735073_Pg6,53735073,6,Progress Note,Progress Note,codeable,medium,inherited,Continuation of radiation follow up note
53735073_Pg7,53735073,7,Progress Note,Progress Note,codeable,medium,inherited,Continuation of radiation follow up note
53735073_Pg8,53735073,8,Progress Note,Progress Note,codeable,medium,inherited,Continuation of radiation follow up note
53735073_Pg21,53735073,21,Progress Note,Progress Note,codeable,medium,inherited,Untitled continuation page with signature
53735073_Pg22,53735073,22,Specialty Note,Consultation Note,codeable,medium,content,Reason for Consultation radiotherapy evaluation
53735073_Pg23,53735073,23,Specialty Note,Consultation Note,codeable,medium,inherited,Continuation of consultation note
53735073_Pg24,53735073,24,Specialty Note,Consultation Note,codeable,medium,inherited,Continuation of consultation note
53757278_Pg12,53757278,12,Pathology Report,Cytology Report,codeable,high,content,Cytology final diagnosis ascites fluid paracentesis
53757278_Pg13,53757278,13,Pathology Report,Cytology Report,codeable,high,inherited,Continuation stain results end of report
53757278_Pg14,53757278,14,Pathology Report,Molecular Diagnostics Report,codeable,medium,content,Tempus xF+ 523 gene liquid biopsy
53757278_Pg16,53757278,16,Pathology Report,Molecular Diagnostics Report,codeable,medium,inherited,Tempus assay description continued
53757278_Pg17,53757278,17,Pathology Report,Molecular Diagnostics Report,codeable,medium,inherited,Tempus assay description continued gene list
53757278_Pg18,53757278,18,Pathology Report,Molecular Diagnostics Report,codeable,medium,inherited,Tempus assay description continued disclaimer
53757278_Pg21,53757278,21,Pathology Report,Cytology Report,codeable,high,content,Cytology specimen gross description paracentesis
53757278_Pg23,53757278,23,Procedure Note,Procedure Note,codeable,medium,content,Ultrasound guided paracentesis technique and impression
53757278_Pg24,53757278,24,Radiology Report,CT Scan Report,non_codeable,high,content,CT chest abdomen pelvis with contrast
53757278_Pg25,53757278,25,Radiology Report,CT Scan Report,non_codeable,high,inherited,Continuation CT chest abdomen pelvis impression
53757278_Pg28,53757278,28,Radiology Report,MRI Report,non_codeable,medium,content,MRI abdomen MRCP with without contrast
53757278_Pg30,53757278,30,Radiology Report,X-Ray Report,non_codeable,high,content,Portable chest xray findings and impression
53757278_Pg33,53757278,33,Radiology Report,CT Scan Report,non_codeable,high,content,CT abdomen pelvis with IV contrast
60140740_150226_1436_Pg2,60140740_150226_1436,2,Patient Demographics,Patient Demographics,codeable,high,content,Basic Demographics contact PCP pharmacy employment
60140740_150226_1436_Pg3,60140740_150226_1436,3,Progress Note,Office Visit Note,codeable,high,content,Office Visit 9/22/2025 Progress Notes
60140740_150226_1436_Pg4,60140740_150226_1436,4,Progress Note,Office Visit Note,codeable,high,inherited,Continuation review of systems problem list
60140740_150226_1436_Pg5,60140740_150226_1436,5,Progress Note,Office Visit Note,codeable,high,inherited,Continuation exam lab data instructions
60140740_150226_1436_Pg6,60140740_150226_1436,6,Progress Note,Office Visit Note,codeable,high,inherited,Continuation additional documentation visit diagnoses
60140740_150226_1436_Pg7,60140740_150226_1436,7,Progress Note,Office Visit Note,codeable,high,content,Office Visit 8/13/2025 Progress Notes
60140740_150226_1436_Pg8,60140740_150226_1436,8,Progress Note,Office Visit Note,codeable,high,inherited,Continuation assessment and plan by problem
60140740_150226_1436_Pg9,60140740_150226_1436,9,Progress Note,Office Visit Note,codeable,high,inherited,Continuation assessment plan and screening orders
60140965.tif_Pg2,60140965.tif,2,Patient Demographics,Patient Demographics,codeable,high,content,Basic Demographics
60140965.tif_Pg3,60140965.tif,3,Progress Note,Office Visit Note,codeable,high,content,Office Visit 9/23/2025 Progress Notes
60140965.tif_Pg4,60140965.tif,4,Progress Note,Office Visit Note,codeable,high,inherited,Continuation of 9/23/2025 office visit
60140965.tif_Pg5,60140965.tif,5,Progress Note,Office Visit Note,codeable,medium,inherited,Continuation visit diagnoses and documentation
60140965.tif_Pg6,60140965.tif,6,Progress Note,Office Visit Note,codeable,high,content,Office Visit 8/27/2025 Progress Notes
60140965.tif_Pg7,60140965.tif,7,Progress Note,Office Visit Note,codeable,high,inherited,Continuation of 8/27/2025 office visit
60140965.tif_Pg8,60140965.tif,8,Progress Note,Office Visit Note,codeable,high,inherited,Continuation exam and instructions
60140965.tif_Pg9,60140965.tif,9,Progress Note,Office Visit Note,codeable,medium,inherited,Continuation orders and visit diagnoses
60141450_210126_1014_Pg23,60141450_210126_1014,23,Progress Note,Patient Encounter,codeable,medium,content,E-Visit 3/3/2025 Progress Notes
60143458.tif_Pg2,60143458.tif,2,Problem List,Standalone Patient Summary,non_codeable,medium,content,Epic snapshot demographics problem list meds
60143458.tif_Pg3,60143458.tif,3,Problem List,Standalone Patient Summary,non_codeable,medium,inherited,Continuation snapshot health maintenance care team
60143458.tif_Pg4,60143458.tif,4,Problem List,Standalone Patient Summary,non_codeable,medium,inherited,Continuation snapshot last visits
60143458.tif_Pg6,60143458.tif,6,Patient Demographics,Patient Demographics,codeable,high,content,Basic Demographics
60143458.tif_Pg7,60143458.tif,7,Progress Note,Office Visit Note,codeable,high,content,Office Visit 9/11/2025 Progress Notes
60143458.tif_Pg21,60143458.tif,21,Progress Note,Progress Note,codeable,medium,content,Gynecology 4/29/2025 Progress Notes
60144837.tif_Pg2,60144837.tif,2,Problem List,Standalone Patient Summary,non_codeable,medium,content,Snapshot demographics allergies medications problem list
60144837.tif_Pg3,60144837.tif,3,Problem List,Standalone Patient Summary,non_codeable,medium,inherited,Continuation health maintenance care team communications
60144837.tif_Pg4,60144837.tif,4,Problem List,Standalone Patient Summary,non_codeable,medium,inherited,Continuation communications last visits legacy documents
60290027_Pg2,60290027,2,Progress Note,Progress Note,codeable,medium,content,Oncology follow-up note Principal Diagnosis header
60290027_Pg3,60290027,3,Progress Note,Progress Note,codeable,medium,inherited,Continuation page 2 of 6
60290027_Pg4,60290027,4,Progress Note,Progress Note,codeable,medium,inherited,Continuation page 3 of 6
60290027_Pg5,60290027,5,Progress Note,Progress Note,codeable,medium,inherited,Continuation page 4 of 6
60290027_Pg6,60290027,6,Progress Note,Progress Note,codeable,medium,inherited,Continuation page 5 of 6
60290027_Pg7,60290027,7,Progress Note,Progress Note,codeable,medium,inherited,Continuation signature page 6 of 6
60290027_Pg8,60290027,8,Progress Note,Progress Note,codeable,medium,content,Chief Complaint oncology visit note start
60290027_Pg9,60290027,9,Progress Note,Progress Note,codeable,medium,inherited,Continuation page 2 of 5
60290027_Pg10,60290027,10,Progress Note,Progress Note,codeable,medium,inherited,Continuation page 3 of 5
60290027_Pg11,60290027,11,Progress Note,Progress Note,codeable,medium,inherited,Continuation page 4 of 5
60290027_Pg12,60290027,12,Progress Note,Progress Note,codeable,medium,inherited,Continuation attestation page 5 of 5
60290027_Pg13,60290027,13,Progress Note,Progress Note,codeable,medium,inherited,Oncology follow-up note page 1 of 5
60290027_Pg14,60290027,14,Progress Note,Progress Note,codeable,medium,inherited,Continuation page 2 of 5
60290027_Pg15,60290027,15,Progress Note,Progress Note,codeable,medium,inherited,Continuation page 3 of 5
60294179_Pg2,60294179,2,Patient Demographics,Patient Demographics,codeable,high,content,Titled Patient Demographics
60294179_Pg4,60294179,4,Progress Note,Progress Note,codeable,medium,content,Chief Complaint and HPI follow-up note
60294179_Pg5,60294179,5,Progress Note,Progress Note,codeable,medium,inherited,Continuation of follow-up note
60294179_Pg6,60294179,6,Progress Note,Progress Note,codeable,medium,inherited,Continuation of follow-up note
60294179_Pg7,60294179,7,Progress Note,Progress Note,codeable,medium,inherited,Continuation of follow-up note
60294179_Pg8,60294179,8,Progress Note,Progress Note,codeable,medium,inherited,Continuation ends with total time
60299419_Pg9,60299419,9,Endoscopy Report,Endoscopy Report,codeable,high,content,PROCEDURE PERFORMED EGD with findings
60299419_Pg10,60299419,10,Endoscopy Report,Endoscopy Report,codeable,high,inherited,Continuation impressions and recommendations of EGD
60299419_Pg17,60299419,17,Pathology Report,Pathology Report,codeable,high,content,Final Diagnosis and Microscopic Description
60299419_Pg19,60299419,19,Radiology Report,Ultrasound Report,non_codeable,high,content,ABDOMINAL ULTRASOUND LIMITED
60299419_Pg20,60299419,20,Radiology Report,CT Scan Report,non_codeable,high,content,CT ABDOMEN WITH CONTRAST
60299419_Pg21,60299419,21,Radiology Report,CT Scan Report,non_codeable,high,inherited,Continuation impression of CT abdomen
60299419_Pg22,60299419,22,Radiology Report,Mammogram Report,non_codeable,high,content,MAMMOGRAPHY SCREENING WITH IMPLANTS AND 3D
60299419_Pg23,60299419,23,Radiology Report,Mammogram Report,non_codeable,high,inherited,Continuation of screening mammogram report
60299419_Pg24,60299419,24,Radiology Report,Bone Mineral Density Report,non_codeable,high,content,BONE DENSITOMETRY HIP AND SPINE
60299419_Pg25,60299419,25,Radiology Report,Bone Mineral Density Report,non_codeable,high,inherited,Continuation impression of bone densitometry
60299419_Pg27,60299419,27,Radiology Report,Mammogram Report,non_codeable,high,content,MAMMOGRAPHY SCREENING WITH IMPLANTS AND 3D
60299552_Pg3,60299552,3,Progress Note,Progress Note,codeable,medium,content,Oncology follow-up note with interval history
60299552_Pg27,60299552,27,Radiology Report,CT Scan Report,non_codeable,high,content,EXAM CT ABDOMEN AND PELVIS CONTRAST
60299552_Pg28,60299552,28,Radiology Report,CT Scan Report,non_codeable,high,inherited,Continuation impression page 2 of 2
60299552_Pg29,60299552,29,Radiology Report,CT Scan Report,non_codeable,high,content,EXAM CT Abdomen and Pelvis WC
60299552_Pg30,60299552,30,Radiology Report,CT Scan Report,non_codeable,high,inherited,Continuation page 2 of 3
60299552_Pg32,60299552,32,Radiology Report,CT Scan Report,non_codeable,high,content,EXAM CT chest abdomen pelvis
60299552_Pg34,60299552,34,Radiology Report,CT Scan Report,non_codeable,high,inherited,Continuation impression page 3 of 3
60301356_Pg26,60301356,26,Patient Demographics,Patient Demographics,codeable,high,content,Titled Patient Demographics
60301356_Pg27,60301356,27,Patient Demographics,Patient Demographics,codeable,high,content,Demographics page 2 insurance table
60301356_Pg30,60301356,30,Cardiac Diagnostic Test,Extremity Doppler Report,codeable,medium,content,extremity venous duplex - priority 35 wins
60301356_Pg32,60301356,32,Radiology Report,CT Scan Report,non_codeable,high,content,Radiology Report CT chest abdomen pelvis
60301356_Pg33,60301356,33,Radiology Report,CT Scan Report,non_codeable,high,inherited,Continuation of CT report
60301356_Pg36,60301356,36,Radiology Report,CT Scan Report,non_codeable,high,content,CT of chest abdomen pelvis with contrast
60301356_Pg38,60301356,38,Laboratory Report,Laboratory Result,non_codeable,medium,content,Cologuard final result lab report
60301356_Pg39,60301356,39,Radiology Report,CT Scan Report,non_codeable,high,content,CT CHEST ABD PEL WCM report
60304098_Pg27,60304098,27,Radiology Report,CT Scan Report,non_codeable,high,content,CT Report EXAM CT CHEST CONTRAST
60304098_Pg30,60304098,30,Radiology Report,CT Scan Report,non_codeable,high,inherited,Continuation impression page 2 of 2
60304098_Pg31,60304098,31,Radiology Report,CT Scan Report,non_codeable,high,content,CT Report EXAM CT CHEST CONTRAST
60306165_250126_1043_Pg2,60306165_250126_1043,2,Progress Note,Progress Note,codeable,high,content,Visit Information with signed Progress Notes section
60306165_250126_1043_Pg3,60306165_250126_1043,3,Progress Note,Progress Note,codeable,high,inherited,Continuation of optometry progress note
60306165_250126_1043_Pg4,60306165_250126_1043,4,Progress Note,Progress Note,codeable,high,content,Visit Information with Progress Notes by MD
60306165_250126_1043_Pg5,60306165_250126_1043,5,Progress Note,Progress Note,codeable,medium,inherited,Continuation of visit questionnaires
60306165_250126_1043_Pg6,60306165_250126_1043,6,Progress Note,Progress Note,codeable,medium,inherited,Continuation histories of same visit note
60306165_250126_1043_Pg11,60306165_250126_1043,11,Cardiac Diagnostic Test,Echocardiogram Report,codeable,high,content,Transthoracic echo TTE complete interpretation summary
60306165_250126_1043_Pg12,60306165_250126_1043,12,Cardiac Diagnostic Test,Echocardiogram Report,codeable,high,inherited,Continuation of echocardiogram report
60306165_250126_1043_Pg20,60306165_250126_1043,20,Laboratory Report,Laboratory Result,non_codeable,high,content,Hemoglobin A1c and Lipid Panel results
60306165_250126_1043_Pg21,60306165_250126_1043,21,Laboratory Report,Laboratory Result,non_codeable,high,content,Lipid Panel and metabolic panel components
60306165_250126_1043_Pg22,60306165_250126_1043,22,Laboratory Report,Laboratory Result,non_codeable,high,content,Comprehensive Metabolic Panel and microalbumin results
60306165_250126_1043_Pg23,60306165_250126_1043,23,Laboratory Report,Laboratory Result,non_codeable,high,content,Microalbumin and Complete Blood Count results
60306165_250126_1043_Pg24,60306165_250126_1043,24,Laboratory Report,Laboratory Result,non_codeable,medium,content,CBC components then Patient Instructions begin
60306165_250126_1043_Pg25,60306165_250126_1043,25,Patient Communication,Patient Education Material,non_codeable,high,content,Patient Education Preventing falls in adults
60306165_250126_1043_Pg26,60306165_250126_1043,26,Patient Communication,Patient Education Material,non_codeable,high,inherited,Continuation of falls education material
60306165_250126_1043_Pg27,60306165_250126_1043,27,Patient Communication,Patient Education Material,non_codeable,high,content,Education figure and consumer information disclaimer
60306165_250126_1043_Pg28,60306165_250126_1043,28,Patient Communication,Patient Education Material,non_codeable,high,content,Patient Education First Aid Kits
60306165_250126_1043_Pg29,60306165_250126_1043,29,Patient Communication,Patient Education Material,non_codeable,high,inherited,Continuation of first aid kit education
60306165_250126_1043_Pg30,60306165_250126_1043,30,Patient Communication,Patient Education Material,non_codeable,high,content,Patient Education Exercise and Aging
60306165_250126_1043_Pg33,60306165_250126_1043,33,Problem List,Problem List,non_codeable,medium,content,Visit Information then Problem List diagnoses
60306165_250126_1043_Pg34,60306165_250126_1043,34,Problem List,Problem List,non_codeable,medium,inherited,Continuation of problem list diagnoses
60306165_250126_1043_Pg35,60306165_250126_1043,35,Nuclear Medicine Report,Nuclear Medicine Report,codeable,high,content,PET CT whole body subsequent report
60306165_250126_1043_Pg36,60306165_250126_1043,36,Nuclear Medicine Report,Nuclear Medicine Report,codeable,high,inherited,PET CT findings and impression continuation
60306165_250126_1043_Pg37,60306165_250126_1043,37,Laboratory Report,Laboratory Result,non_codeable,high,content,Lipid Panel and metabolic panel results
60306165_250126_1043_Pg38,60306165_250126_1043,38,Laboratory Report,Laboratory Result,non_codeable,high,content,Comprehensive Metabolic Panel component results
60307605_Pg27,60307605,27,Radiology Report,Ultrasound Report,non_codeable,high,content,BC US Breast Right Complete report
60307605_Pg28,60307605,28,Radiology Report,Ultrasound Report,non_codeable,high,inherited,Continuation signature page of breast ultrasound
60309849_250126_0949_Pg19,60309849_250126_0949,19,Cardiac Diagnostic Test,Echocardiogram Report,codeable,high,content,Echo Limited pericardial effusion follow up
60309849_250126_0949_Pg20,60309849_250126_0949,20,Cardiac Diagnostic Test,Echocardiogram Report,codeable,high,inherited,Continuation echo findings and measurements
60309849_250126_0949_Pg24,60309849_250126_0949,24,Pathology Report,Pathology Report,codeable,high,content,Pathology Surgical Interpretation result
60309849_250126_0949_Pg25,60309849_250126_0949,25,Pathology Report,Pathology Report,codeable,high,inherited,Continuation diagnosis and synoptic checklist
60309849_250126_0949_Pg26,60309849_250126_0949,26,Discharge Instructions,Discharge Instructions,discharge,low,content,Call provider for discharge diet activity
60309849_250126_0949_Pg27,60309849_250126_0949,27,Radiology Report,CT Scan Report,non_codeable,high,content,CT ABDOMEN PELVIS W CONTRAST
60309849_250126_0949_Pg28,60309849_250126_0949,28,Radiology Report,CT Scan Report,non_codeable,high,inherited,Continuation of CT abdomen pelvis report
60309849_250126_0949_Pg29,60309849_250126_0949,29,Cardiac Diagnostic Test,Extremity Doppler Report,codeable,medium,content,US LEG VENOUS DOPPLER BILATERAL
60520955.tif_Pg2,60520955.tif,2,Progress Note,Patient Encounter,codeable,medium,content,Encounter 1/11/2024 assessed problems plan
60520955.tif_Pg3,60520955.tif,3,Progress Note,Patient Encounter,codeable,medium,inherited,Continuation problem narratives and meds
60520955.tif_Pg4,60520955.tif,4,Progress Note,Patient Encounter,codeable,medium,inherited,Continuation end of encounter meds
60520955.tif_Pg5,60520955.tif,5,Progress Note,Patient Encounter,codeable,medium,inherited,Continuation HPI vitals physical exam
60520955.tif_Pg6,60520955.tif,6,Progress Note,Patient Encounter,codeable,medium,inherited,Continuation active problems list
60520955.tif_Pg7,60520955.tif,7,Progress Note,Patient Encounter,codeable,medium,inherited,Continuation appointments and past medical history
60520955.tif_Pg8,60520955.tif,8,Progress Note,Patient Encounter,codeable,medium,inherited,Continuation past medical history
60520955.tif_Pg9,60520955.tif,9,Progress Note,Patient Encounter,codeable,medium,inherited,Continuation surgical family social history
60520955.tif_Pg10,60520955.tif,10,Progress Note,Patient Encounter,codeable,medium,inherited,Continuation signatures electronically signed
test_chart_Pg1,test_chart,1,Progress Note,Progress Note,codeable,medium,content,Untitled exam diagnoses treatment plan note
test_chart_Pg4,test_chart,4,Patient Demographics,Face Sheet,codeable,high,content,Patient guarantor insurance and encounter information
test_chart_Pg5,test_chart,5,Progress Note,Progress Note,codeable,medium,content,Postpartum encounter assessment plan sign-off
test_chart_Pg6,test_chart,6,Progress Note,Progress Note,codeable,medium,content,Exam vitals assessment Postpartum Follow-Up
test_chart_Pg7,test_chart,7,Obstetric and Gynecologic Record,Prenatal Record,codeable,high,content,Header reads Prenatal Flowsheet
test_chart_Pg8,test_chart,8,Problem List,Standalone Patient Summary,non_codeable,medium,content,Problem list meds immunizations family history
IMG_3127,IMG_3127,1,Assessment and Evaluation,Annual Wellness Visit,codeable,high,content,Medicare Annual Wellness Visit HRA questionnaire; filename matches
IMG_3128,IMG_3128,1,Order and Requisition,Insurance Authorization Note,non_codeable,high,content,Fidelis Care approval letter with review type
IMG_3129,IMG_3129,1,Obstetric and Gynecologic Record,Pap and HPV Report,codeable,high,content,PAP HPV HIGH RISK CT/GC; filename PAP HPV Report
IMG_3130,IMG_3130,1,Cardiac Diagnostic Test,Treadmill Report,codeable,high,content,Treadmill Exercise Test Hi-Precision Diagnostics
IMG_3131,IMG_3131,1,Procedure Note,Cardiac Catheterization Report,codeable,high,content,Catheterization Diagram A; filename 13-B Cardiac
IMG_3132,IMG_3132,1,Progress Note,Housecall Visit Summary,codeable,low,content,In Home Visit Summary vision services form
IMG_3133,IMG_3133,1,Procedure Note,Cardiac Catheterization Report,codeable,medium,content,Cardiovascular Laboratory Report documenting right heart cath
IMG_3134,IMG_3134,1,Progress Note,Chief Complaint and History of Present Illness,codeable,medium,content,Chief Complaints HPI Exam; filename 16-B CC
IMG_3135,IMG_3135,1,Endoscopy Report,Colonoscopy Report,codeable,high,content,Screening colonoscopy procedure; filename 18-A Colonoscopy
IMG_3136,IMG_3136,1,Specialty Note,Consultation Note,codeable,high,content,Cardiac Electrophysiology Consultation; filename 19-B Consult
IMG_3137,IMG_3137,1,Obstetric and Gynecologic Record,Prenatal Record,codeable,high,content,Prenatal intake with EDD; filename 1-A Prental
IMG_3138,IMG_3138,1,Obstetric and Gynecologic Record,Prenatal Record,codeable,high,content,Gyn and OB history; filename 1-A Prental
IMG_3139,IMG_3139,1,Laboratory Report,Laboratory Result,non_codeable,medium,content,Untitled lab table; pregnancy screening CBC urinalysis
IMG_3140,IMG_3140,1,Obstetric and Gynecologic Record,Prenatal Record,codeable,medium,content,Womens Health Documents pregnancy history; filename 1-B Prental
IMG_3141,IMG_3141,1,Obstetric and Gynecologic Record,Prenatal Record,codeable,high,content,Womens Health Documents pregnancy summary; filename 1-B Prental
IMG_3142,IMG_3142,1,Pathology Report,Cytology Report,codeable,high,content,Quest CytoComplete Pap HPV; filename 20-B Cytology
IMG_3143,IMG_3143,1,Pathology Report,Molecular Diagnostics Report,codeable,high,content,Titled Molecular Pathogen Report; filename 20-C Molecular
IMG_3144,IMG_3144,1,Cardiac Diagnostic Test,Echocardiogram Report,codeable,high,content,Titled Transthoracic Echocardiogram; filename 22-A Echocardiagram
IMG_3145,IMG_3145,1,Cardiac Diagnostic Test,Echocardiogram Report,codeable,high,content,Titled Echo Report; filename 22-B Echocardiagram
IMG_3146,IMG_3146,1,Emergency Department Note,Emergency Department Note,codeable,medium,content,No title; ED course MDM stroke intubation
IMG_3147,IMG_3147,1,Emergency Department Note,Emergency Department Note,codeable,high,content,ED Course medications; filename 29-A ED Reports
IMG_3148,IMG_3148,1,Obstetric and Gynecologic Record,Antepartum Record,codeable,high,content,Antepartum plans/education grid; filename 2-A Antepartum
IMG_3149,IMG_3149,1,Obstetric and Gynecologic Record,Antepartum Record,codeable,high,content,Titled Antepartum Record; filename 2-A Antepartum
IMG_3150,IMG_3150,1,Progress Note,Nursing Note,codeable,high,content,Titled Nurse Note; filename 40-A Nurse Note
IMG_3151,IMG_3151,1,Progress Note,SOAP Note,codeable,medium,content,Nutrition Note in S O A/P format
IMG_3152,IMG_3152,1,Consent Form,HIPAA Form,non_codeable,medium,content,Authorization for Release of Health Information
IMG_3153,IMG_3153,1,Consent Form,HIPAA Form,non_codeable,medium,content,Authorization to Disclose Medical Information for Payment
IMG_3154,IMG_3154,1,Consent Form,HIPAA Form,non_codeable,medium,content,Authorization for Disclosure of Confidential Health Information
IMG_3155,IMG_3155,1,Laboratory Report,FISH Report,non_codeable,high,content,FISH Professional Report title and filename
IMG_3156,IMG_3156,1,Laboratory Report,Laboratory Flow Sheet,non_codeable,high,content,Lab Flowsheet title and filename
IMG_3157,IMG_3157,1,Order and Requisition,Laboratory Form,non_codeable,medium,content,Lab form filename TSH order with result
IMG_3158,IMG_3158,1,Laboratory Report,Laboratory Result,non_codeable,high,content,Laboratory Data filename mixed lab panel
IMG_3159,IMG_3159,1,Order and Requisition,Service Request,non_codeable,medium,content,Radiology exam requisition filename says Lab Requisation
IMG_3160,IMG_3160,1,Radiology Report,Mammogram Report,non_codeable,high,content,Bilateral Mammography findings and impression
IMG_3161,IMG_3161,1,Medication Record,Medication List,non_codeable,high,content,Medications current prescription list
IMG_3162,IMG_3162,1,Medication Record,Medication List,non_codeable,high,content,Handwritten MEDICATIONS chart with dates
IMG_3163,IMG_3163,1,Medication Record,Refill Record,non_codeable,high,content,Rx Refill header Wellbutrin prescription
IMG_3164,IMG_3164,1,Medication Record,Medication List,non_codeable,high,content,Medication List title NBMC Coos Bay
IMG_3165,IMG_3165,1,Laboratory Report,Microbiology Report,non_codeable,high,content,Microbiology Report throat strep culture
IMG_3166,IMG_3166,1,Patient Communication,General Message,non_codeable,high,content,Message appointment cancelled filename Any Message
IMG_3167,IMG_3167,1,Patient Communication,General Message,non_codeable,high,content,Message with results and advice
IMG_3168,IMG_3168,1,Screening and Checklist,Mini Mental Status Examination,non_codeable,high,content,Mini Mental Examination filename and MMSE tasks
IMG_3169,IMG_3169,1,Patient Communication,Patient Education Material,non_codeable,high,content,ED Pat Edu back pain education
IMG_3170,IMG_3170,1,Diagnostic Study,Plethysmography Report,non_codeable,high,content,Plethysmography Report title and window filename
IMG_3171,IMG_3171,1,Laboratory Report,Prothrombin Time Result,non_codeable,high,content,Prothrombin / INR lab report
IMG_3172,IMG_3172,1,Diagnostic Study,Pulmonary Function Test,non_codeable,high,content,Pulmonary Function Test Report narrative
IMG_3173,IMG_3173,1,Order and Requisition,Referral Authorization Form,non_codeable,high,content,REFERRAL FORM with insurance authorization section
IMG_3174,IMG_3174,1,Medication Record,Refill Record,non_codeable,high,content,CVS request for refill prescription
IMG_3175,IMG_3175,1,Radiology Report,Radiology Report,non_codeable,medium,content,Header RADIOLOGY REPORT renal sonogram body
IMG_3176,IMG_3176,1,Patient Communication,Telephone Message,non_codeable,high,content,Phone Message screen; window title Telephone Messages
IMG_3177,IMG_3177,1,Administrative Record,Application Form,non_codeable,high,content,Medical Application Form MedNet insurance
IMG_3178,IMG_3178,1,Radiology Report,Tomography Report,non_codeable,medium,content,COMPUTED TOMOGRAPHY; window filename says Tomography
IMG_3179,IMG_3179,1,Patient Communication,Triage Call Note,non_codeable,high,content,Emergency Telephone Triage Form; filename Triage Call
IMG_3180,IMG_3180,1,Obstetric and Gynecologic Record,Prenatal Record,codeable,medium,content,Fetal biometry gestational age anatomic survey
IMG_3181,IMG_3181,1,Laboratory Report,Urinalysis Report,non_codeable,high,content,URINALYSIS form; window filename Urinalysis report
IMG_3182,IMG_3182,1,Order and Requisition,Physician Order,non_codeable,high,content,PHYSICIAN ORDER skilled nursing certification
IMG_3183,IMG_3183,1,Patient Communication,Patient Instruction,non_codeable,high,content,Patient Visit Information Patient Instructions; filename agrees
IMG_3184,IMG_3184,1,Order and Requisition,Referral Authorization Form,non_codeable,medium,content,Request for Referral form; filename says Request
IMG_3185,IMG_3185,1,Billing Statement,Billing Page,non_codeable,high,content,Claim and payment table; filename Billing Page
IMG_3186,IMG_3186,1,Radiology Report,Brain MRI Report,non_codeable,high,content,MRI of the Brain without contrast
IMG_3187,IMG_3187,1,Radiology Report,MRI Report,non_codeable,high,content,MRI Lumbar Spine W/O addendum report
IMG_3188,IMG_3188,1,Radiology Report,X-Ray Report,non_codeable,high,content,XR Humerus and Shoulder imaging report
IMG_3189,IMG_3189,1,Radiology Report,X-Ray Report,non_codeable,high,content,Xray Exam XR Chest PA Lateral
IMG_3190,IMG_3190,1,Radiology Report,X-Ray Report,non_codeable,high,content,Imaging Report bilateral foot 3 view
IMG_3191,IMG_3191,1,Laboratory Report,Allergy List,non_codeable,high,content,Allergies table; filename Allergies report
IMG_3192,IMG_3192,1,Diagnostic Study,Carotid Duplex Report,non_codeable,high,content,Carotid Duplex Study title read
IMG_3193,IMG_3193,1,Diagnostic Study,Ankle-Brachial Index Report,non_codeable,medium,content,Physiologic Doppler lower extremity with ABI
IMG_3194,IMG_3194,1,Cardiac Diagnostic Test,Echocardiogram Report,codeable,high,content,Transthoracic echocardiogram report 93306
IMG_3195,IMG_3195,1,Problem List,Problem List,non_codeable,high,content,Problem List with ICD-9 codes
IMG_3196,IMG_3196,1,Patient Communication,Discharge Notice,non_codeable,high,content,Emergency Department Discharge Notice title
IMG_3197,IMG_3197,1,Discharge Summary,Discharge Note,discharge,high,content,Titled Discharge Note; window filename agrees
IMG_3198,IMG_3198,1,Discharge Summary,Discharge Note,discharge,high,content,VCDM Discharge Note; window filename agrees
IMG_3199,IMG_3199,1,Transfer of Care Summary,Transfer of Care Note,discharge,high,content,Transfer of Care Note - Oncoming Provider
IMG_3200,IMG_3200,1,Progress Note,Progress Note,codeable,high,content,NEURO ICU PROGRESS NOTE heading
IMG_3201,IMG_3201,1,Discharge Summary,Behavioral Health Discharge Summary,discharge,medium,content,Psychiatric discharge diagnoses and medications; no title
IMG_3202,IMG_3202,1,Discharge Summary,Short Stay Summary,discharge,high,content,Titled SHORT STAY SUMMARY
IMG_3203,IMG_3203,1,Discharge Summary,Short Stay Summary,discharge,medium,content,SHORT STAY SUMMARY header - matches IMG_3202
IMG_3204,IMG_3204,1,Discharge Summary,Discharge Summary,discharge,high,content,Short Stay/Outpt H&P Discharge; Discharge Summary heading
IMG_3205,IMG_3205,1,Therapy Discharge Summary,Occupational Therapy Discharge Summary,discharge,high,content,OT Outpatient Discharge Summary result title
IMG_3206,IMG_3206,1,Therapy Discharge Summary,Physical Therapy Discharge Summary,discharge,high,content,PHYSICAL THERAPY DISCHARGE SUMMARY heading
IMG_3207,IMG_3207,1,Therapy Discharge Summary,Physical Therapy Discharge Summary,discharge,medium,content,Titled Physical Therapy Discharge Note
IMG_3208,IMG_3208,1,Discharge Summary,Behavioral Health Discharge Summary,discharge,high,content,BHOP Discharge Note; Behavioral Health-OP
IMG_3209,IMG_3209,1,Discharge Summary,Principal Diagnosis,discharge,high,content,PRINCIPAL DIAGNOSIS heading; filename agrees
IMG_3210,IMG_3210,1,Discharge Summary,Depart Summary,discharge,high,content,Titled Depart Summary; filename agrees
IMG_3211,IMG_3211,1,Transfer of Care Summary,Anesthesia Transfer of Care Note,discharge,high,content,Title Anesthesia Transfer of Care Note; filename agrees
IMG_3212,IMG_3212,1,Discharge Summary,Depart Summary,discharge,medium,content,Page header Depart Summary; filename says Depart Note
IMG_3213,IMG_3213,1,Discharge Instructions,Discharge Instructions,discharge,high,content,Title Discharge Instructions; filename agrees
IMG_3214,IMG_3214,1,Discharge Medication,Discharge Medication List,discharge,high,content,Title Discharge Medication List; filename agrees
IMG_3215,IMG_3215,1,Discharge Summary,Spanish Discharge Summary,discharge,medium,content,Spanish Resumen de Alta; filename said Discharge Medication
IMG_3216,IMG_3216,1,Discharge Summary,Discharge Summary,discharge,high,content,Title Discharge Summary; filename agrees
IMG_3217,IMG_3217,1,Discharge Summary,Discharge Summary,discharge,medium,content,Title Discharge/Transfer Summary; summary type Discharge Summary
IMG_3218,IMG_3218,1,Interim Summary,Interim Summary,discharge,medium,content,Header Interim Summaries; filename agrees
IMG_3219,IMG_3219,1,Specialty Note,Oncology Note,codeable,high,content,Title ONCOLOGY REPORT; filename agrees
IMG_3220,IMG_3220,1,Operative Report,Operative Report,codeable,high,content,Operative Record Operative Reports; filename agrees
IMG_3221,IMG_3221,1,Operative Report,Operative Report,codeable,high,content,Title OPERATIVE REPORT colonoscopy; filename agrees
IMG_3222,IMG_3222,1,Operative Report,Operative Report,codeable,high,content,Surgical Documentation Operative Report Surgeon/Physician
IMG_3223,IMG_3223,1,Operative Report,Operative Report,codeable,high,content,Same page as IMG_3222 Operative Report
IMG_3224,IMG_3224,1,Sleep Study,Oximetry Report,codeable,medium,content,Sleep study tables OXIMETRY section; filename agrees
IMG_3239,IMG_3239,1,Assessment and Evaluation,Staying Healthy Assessment,codeable,high,content,Health Assessment Form; window filename Staying healthy assessment
IMG_3240,IMG_3240,1,Cardiac Diagnostic Test,Stress Test Report,codeable,high,content,Cardiolite Stress Test Report
IMG_3241,IMG_3241,1,Eye Examination,Eye Examination Report,codeable,medium,content,HM DIABETES EYE EXAM results screen
IMG_3242,IMG_3242,1,Eye Examination,Eye Examination Report,codeable,medium,content,Diabetes Communication Report dilated retinal exam
IMG_3243,IMG_3243,1,Eye Examination,Fundus Photography Report,codeable,high,content,Eye Imaging report retinal imaging 92250
IMG_3244,IMG_3244,1,Patient Communication,Telephone Message,non_codeable,high,content,TELEPHONE MESSAGE form
IMG_3245,IMG_3245,1,Consent Form,Immunization Consent Form,non_codeable,high,content,Flu Shot Consent; filename Immunization Consent
IMG_3246,IMG_3246,1,Consent Form,Immunization Consent Form,non_codeable,high,content,Influenza Flu Vaccine Consent Form
IMG_3247,IMG_3247,1,Laboratory Report,Genetic Test Report,non_codeable,high,content,Genetics Laboratory Report
IMG_3248,IMG_3248,1,Order and Requisition,Insurance Authorization Note,non_codeable,high,content,Medical Insurance and Authorization Form
IMG_3249,IMG_3249,1,Consent Form,Consent Form,non_codeable,high,content,General Consent for Care and Treatment
IMG_3225,IMG_3225,1,Implant Record,Implant Record,codeable,high,content,Pacemaker Implantation Report; window filename 47-D Pace Maker
IMG_3226,IMG_3226,1,Obstetric and Gynecologic Record,Pap and HPV Report,codeable,medium,content,PAP Smear cytology; window filename 48-B PAP Smear
IMG_3227,IMG_3227,1,Pathology Report,Tissue Examination Report,codeable,high,content,Tissue pathology; window filename 49-C Tissue Report
IMG_3228,IMG_3228,1,Progress Note,Face to Face Evaluation Note,codeable,high,content,Seclusion/Restraints Provider Face-to-Face Evaluation Note
IMG_3229,IMG_3229,1,Therapy Note,Physical Therapy Note,codeable,high,content,Physical Therapy Progress Note; filename 50-A
IMG_3230,IMG_3230,1,Progress Note,Physician Note,codeable,medium,content,Chart Report Physician Notes; ED provider note
IMG_3231,IMG_3231,1,Progress Note,Physician Note,codeable,high,content,Physician Notes on Qualifying Conditions Therapeutic Shoes
IMG_3232,IMG_3232,1,Plan of Care,Plan of Care,codeable,high,content,Plan of Care Kessler Rehabilitation; filename 52-A
IMG_3233,IMG_3233,1,Procedure Note,Procedure Note,codeable,high,content,Procedure Note OB Vaginal Delivery Procedure
IMG_3234,IMG_3234,1,Progress Note,Progress Note,codeable,high,content,Internal Medicine Progress Note; filename 54-B
IMG_3235,IMG_3235,1,Sleep Study,Split Night Study Report,codeable,high,content,SPLIT NIGHT REPORT polysomnogram
IMG_3236,IMG_3236,1,Sleep Study,Sleep Study Report,codeable,medium,content,Polysomnography diagnostic study with CPAP titration
IMG_3237,IMG_3237,1,Sleep Study,Sleep Study Report,codeable,medium,content,Diagnostic PSG technologist log and grid
IMG_3238,IMG_3238,1,Progress Note,SOAP Note,codeable,high,content,Subjective Objective Assessment Goals; filename 57-A Soap
IMG_3251,IMG_3251,1,Specialty Note,Audiology Report,codeable,high,content,Audiogram with tympanometry; window filename Audiogram.png
IMG_3252,IMG_3252,1,Progress Note,Chief Complaint and History of Present Illness,codeable,high,content,Window title Chief Complaint and HPI
IMG_3253,IMG_3253,1,Progress Note,Client Note,codeable,high,content,Window title Client Note matches form
IMG_3254,IMG_3254,1,Progress Note,Progress Note,codeable,high,inherited,Window title Handwritten Progress Note continuation sheet
IMG_3255,IMG_3255,1,Progress Note,Progress Note,codeable,high,content,Window title handwrittwn Progress note
IMG_3256,IMG_3256,1,Progress Note,Chief Complaint and History of Present Illness,codeable,medium,content,Window title HPI Accept; letter format
IMG_3257,IMG_3257,1,Discharge Summary,Discharge Summary,discharge,high,content,Inpt Discharge Sum header and filename
IMG_3258,IMG_3258,1,Behavioral Health Note,Initial Psychiatric Evaluation,codeable,high,content,Header INITIAL PSYCHIATRIC EVALUATION
IMG_3259,IMG_3259,1,Cardiac Diagnostic Test,Extremity Doppler Report,codeable,medium,content,LE Venous Duplex Report header
IMG_3260,IMG_3260,1,Neurodiagnostic Test,Electromyography Report,codeable,high,content,Electromyography and Nerve Conduction Study
IMG_3261,IMG_3261,1,Progress Note,Face to Face Evaluation Note,codeable,high,content,Seclusion/restraints provider face-to-face evaluation note
IMG_3262,IMG_3262,1,Progress Note,Progress Note,codeable,medium,content,Event Note with ER Progress Note section
IMG_3263,IMG_3263,1,Eye Examination,Eye Examination Report,codeable,medium,content,Diabetes Communication Report dilated retinal exam
IMG_3264,IMG_3264,1,Eye Examination,Fundus Photography Report,codeable,high,content,Eye Imaging report retinal study 92250
IMG_3265,IMG_3265,1,Progress Note,Progress Note,codeable,high,content,Window title Eye Progress Note
IMG_3266,IMG_3266,1,Eye Examination,Ophthalmology Report,codeable,medium,content,Window title Eye Reprot; provider notification
IMG_3267,IMG_3267,1,Eye Examination,Eye Examination Report,codeable,high,content,Eye Clinic Diagnostic Test Interpretation Form
IMG_3268,IMG_3268,1,Specialty Note,Neurology Note,codeable,high,content,Neurology follow up examination report letter
IMG_3269,IMG_3269,1,Progress Note,Group Note,codeable,high,content,Group Progress Note title
IMG_3270,IMG_3270,1,Assessment and Evaluation,Annual Wellness Visit,codeable,high,content,Medicare Annual Wellness Visit Health Risk Questionnaire
IMG_3271,IMG_3271,1,Assessment and Evaluation,Annual Wellness Visit,codeable,high,content,Medicare Annual Wellness form with PHQ-9
IMG_3272,IMG_3272,1,Assessment and Evaluation,Annual Wellness Visit,codeable,high,content,Medicare Annual Wellness screening form
IMG_3273,IMG_3273,1,Specialty Note,Audiology Report,codeable,high,content,Hearing Evaluation Report audiogram
IMG_3274,IMG_3274,1,Consent Form,HIPAA Form,non_codeable,high,content,Acknowledgement of Receipt of Notice Privacy Practices
IMG_3275,IMG_3275,1,Consent Form,HIPAA Form,non_codeable,high,content,Acknowledgement of Receipt of Notice Privacy Practices
IMG_3276,IMG_3276,1,Consent Form,HIPAA Form,non_codeable,medium,content,Authorization to Disclose Medical Information for Payment
IMG_3277,IMG_3277,1,Consent Form,HIPAA Form,non_codeable,high,content,Authorization Disclosure of Confidential Health Care Information
IMG_3278,IMG_3278,1,Order and Requisition,Referral Authorization Form,non_codeable,high,content,Referral Authorization Worksheet
IMG_3279,IMG_3279,1,Billing Statement,Billing Page,non_codeable,high,content,Claims charges table; window title Billing Page
IMG_3280,IMG_3280,1,Laboratory Report,Blood Glucose Result,non_codeable,high,content,Blood Glucose Readings log sheet
IMG_3281,IMG_3281,1,Radiology Report,Bone Mineral Density Report,non_codeable,high,content,Bone Density Report Central DXA
IMG_3282,IMG_3282,1,Screening and Checklist,Checklist,non_codeable,medium,content,Checklist for Medicare Wellness Annual Visit
IMG_3283,IMG_3283,1,Screening and Checklist,Checklist,non_codeable,high,content,Procedure Checklist; filename Check list 3
IMG_3284,IMG_3284,1,Screening and Checklist,Checklist,non_codeable,high,content,Practice Checklist; filename Check list
IMG_3285,IMG_3285,1,Laboratory Report,Chemistry Report,non_codeable,high,content,Chemistry General Chemistry panel results
IMG_3286,IMG_3286,1,Consent Form,Consent Form,non_codeable,high,content,Consent for Colonoscopy
IMG_3287,IMG_3287,1,Consent Form,Consent Form,non_codeable,high,content,General Consent for Care and Treatment
IMG_3288,IMG_3288,1,Consent Form,Consent Form,non_codeable,high,content,Informed Consent for Prenatal Screening
IMG_3289,IMG_3289,1,Patient Demographics,Patient Demographics,codeable,medium,content,Patient Report demographics; filename Demo1
IMG_3290,IMG_3290,1,Patient Demographics,Face Sheet,codeable,medium,content,Patient Information Sheet with insurance
IMG_3291,IMG_3291,1,Patient Demographics,Patient Demographics,codeable,high,content,Patient Demographics; filename Demography
IMG_3292,IMG_3292,1,Radiology Report,Bone Mineral Density Report,non_codeable,high,content,DEXA hip and spine imaging report
IMG_3293,IMG_3293,1,Radiology Report,Bone Mineral Density Report,non_codeable,high,content,DEXA Bone Densitometry Report
IMG_3294,IMG_3294,1,Radiology Report,Radiology Report,non_codeable,high,content,Imaging Report fluoroscopy findings impression
IMG_3295,IMG_3295,1,Radiology Report,X-Ray Report,non_codeable,high,content,Imaging Report bilateral foot 3 view
IMG_3296,IMG_3296,1,Laboratory Report,Hematology Report,non_codeable,high,content,Hematology CBC results; filename Hematology
IMG_3297,IMG_3297,1,Consent Form,HIPAA Form,non_codeable,high,content,Titled HIPAA Release of Information Form
IMG_3298,IMG_3298,1,Screening and Checklist,Questionnaire,non_codeable,high,content,Titled Health History Questionnaire
IMG_3299,IMG_3299,1,Screening and Checklist,Questionnaire,non_codeable,medium,content,Aultman Therapy Patient Injury/Health History form
IMG_3300,IMG_3300,1,Diagnostic Study,Holter Monitor Report,non_codeable,high,content,Holter Report Summary; window title Holter Report
IMG_3301,IMG_3301,1,Diagnostic Study,Holter Monitor Report,non_codeable,high,content,Philips Holter report; window title Holter Report
IMG_3302,IMG_3302,1,Diagnostic Study,Holter Monitor Report,non_codeable,high,content,Titled ECG HOLTER Report
IMG_3303,IMG_3303,1,Medication Record,Immunization List,non_codeable,high,content,Shots completed for - vaccine dose table
IMG_3304,IMG_3304,1,Medication Record,Vaccination Administration Record,non_codeable,medium,content,FluMist screening and administration record
IMG_3305,IMG_3305,1,Medication Record,Vaccination Administration Record,non_codeable,medium,content,Perinatal Hepatitis B Prevention Form infants
IMG_3306,IMG_3306,1,Medication Record,Immunization List,non_codeable,high,content,Titled Patient Immunization History
IMG_3307,IMG_3307,1,Consent Form,Immunization Consent Form,non_codeable,high,content,Influenza Flu Vaccine Consent Form
IMG_3308,IMG_3308,1,Patient Communication,Patient Instruction,non_codeable,medium,content,Header Patient Instructions; Alzheimers ADL tips
IMG_3309,IMG_3309,1,Patient Communication,Patient Instruction,non_codeable,medium,content,Header Patient Instructions; Alzheimers ADL tips
IMG_3310,IMG_3310,1,Order and Requisition,Insurance Authorization Note,non_codeable,low,content,Insurance eligibility benefits verification form
IMG_3311,IMG_3311,1,Laboratory Report,Laboratory Result,non_codeable,medium,content,Handwritten HbA1C result page
IMG_3312,IMG_3312,1,Laboratory Report,Laboratory Result,non_codeable,high,content,Clinical Result Specimen Report; filename Lab 4
IMG_3313,IMG_3313,1,Laboratory Report,Laboratory Result,non_codeable,high,content,Lab Results HGBA1C; filename Lab Report
IMG_3314,IMG_3314,1,Medication Record,Medication List,non_codeable,high,content,Medications History; filename Madication.png
IMG_3315,IMG_3315,1,Progress Note,Patient Encounter,codeable,medium,content,Encounter MAMOGRAFIA with tests and plan
IMG_3316,IMG_3316,1,Patient Communication,Patient Portal Communication,non_codeable,high,content,Patient Portal Communications Summary report type
IMG_3317,IMG_3317,1,Patient Communication,General Message,non_codeable,medium,content,Message to patient with signatures
IMG_3318,IMG_3318,1,Screening and Checklist,Questionnaire,non_codeable,medium,content,MEDICAL HISTORY intake form handwritten
IMG_3319,IMG_3319,1,Radiology Report,Mammogram Report,non_codeable,high,content,Imaging Results mammogram screening bilateral tomo
IMG_3320,IMG_3320,1,Radiology Report,MRI Report,non_codeable,high,content,MR SHOULDER RIGHT WO CONTRAST findings
IMG_3321,IMG_3321,1,Patient Communication,Discharge Notice,non_codeable,high,content,Emergency Department Discharge Notice
IMG_3322,IMG_3322,1,Therapy Discharge Summary,Physical Therapy Discharge Summary,discharge,medium,content,Discharge Notification from physical therapist
IMG_3323,IMG_3323,1,Order and Requisition,Order Note,non_codeable,high,content,Orders Note with lab orders
IMG_3324,IMG_3324,1,Order and Requisition,Physician Order,non_codeable,high,content,Physician's Order handwritten admission orders
IMG_3325,IMG_3325,1,Order and Requisition,Physician Order,non_codeable,high,content,Order Type PHYSICIAN ORDER home health
IMG_3326,IMG_3326,1,Order and Requisition,Laboratory Requisition,non_codeable,high,content,Order Information requisition ID clinical lab
IMG_3328,IMG_3328,1,Order and Requisition,Physician Order,non_codeable,high,content,Physician's Orders title window file Orders1.png
IMG_3329,IMG_3329,1,Order and Requisition,Physician Order,non_codeable,high,content,Physician Orders gastroenterology window file Orders10.png
IMG_3330,IMG_3330,1,Order and Requisition,Order Note,non_codeable,medium,content,Order Groups header window file Orders12.png
IMG_3331,IMG_3331,1,Order and Requisition,Order Note,non_codeable,high,content,ORDER NOTE header window file Orders13.png
IMG_3332,IMG_3332,1,Order and Requisition,Order Note,non_codeable,medium,content,Order Review Report window file Orders18.png
IMG_3333,IMG_3333,1,Order and Requisition,Physician Order,non_codeable,high,content,PHYSICIAN ORDER for durable medical equipment
IMG_3334,IMG_3334,1,Order and Requisition,Physician Order,non_codeable,high,content,Endoscopy Pre-Admission Order window file Orders4.png
IMG_3335,IMG_3335,1,Order and Requisition,Physician Order,non_codeable,high,content,Physician Standing Orders window file Orders6.png
IMG_3336,IMG_3336,1,Patient Communication,Patient Education Material,non_codeable,high,content,Educacion a Paciente Familia restriccion Spanish
IMG_3337,IMG_3337,1,Patient Communication,Patient Education Material,non_codeable,high,content,Ambulatory Patient Education Dementia Caregiver Guide
IMG_3338,IMG_3338,1,Problem List,Standalone Patient Summary,non_codeable,high,content,Type Patient Summary Scottsdale Children's Group
IMG_3339,IMG_3339,1,Problem List,Standalone Patient Summary,non_codeable,high,content,Patient Summary with Active Problem List
IMG_3340,IMG_3340,1,Patient Communication,Patient Instruction,non_codeable,high,content,Patient Visit Information Patient Instructions header
IMG_3341,IMG_3341,1,Consent Form,Consent Form,non_codeable,medium,content,Office Policy financial consent accept signature page
IMG_3342,IMG_3342,1,Screening and Checklist,Questionnaire,non_codeable,high,content,Cat Scan IV Contrast Questionnaire
IMG_3343,IMG_3343,1,Screening and Checklist,Questionnaire,non_codeable,high,content,Patient Health Questionnaire-9 PHQ9
IMG_3344,IMG_3344,1,Medication Record,Refill Record,non_codeable,high,content,Request for a Refill or New Prescription
IMG_3346,IMG_3346,1,Medication Record,Prescription Page,non_codeable,high,content,NewRx electronic prescription
IMG_3347,IMG_3347,1,Screening and Checklist,Screening Test Record,non_codeable,high,content,COVID-19 Screening
IMG_3348,IMG_3348,1,Diagnostic Study,Plethysmography Report,non_codeable,high,content,Plethysmography Report title beats filename
IMG_3349,IMG_3349,1,Consent Form,HIPAA Form,non_codeable,low,content,Patient Consent Form HIPAA release intake packet
IMG_3350,IMG_3350,1,Problem List,Standalone Patient Summary,non_codeable,medium,content,EHR patient summary filename Summary 1
IMG_3351,IMG_3351,1,Medication Record,Medication List,non_codeable,medium,content,Medication and Summary Chart
IMG_3352,IMG_3352,1,Patient Demographics,Face Sheet,codeable,high,content,Facesheet
IMG_3353,IMG_3353,1,Problem List,Standalone Patient Summary,non_codeable,medium,content,View data summary EHR snapshot
IMG_3354,IMG_3354,1,Problem List,Standalone Patient Summary,non_codeable,medium,content,EHR patient summary snapshot
IMG_3355,IMG_3355,1,Progress Note,Chief Complaint and History of Present Illness,codeable,low,content,Patient History intake form
IMG_3356,IMG_3356,1,Progress Note,Chief Complaint and History of Present Illness,codeable,low,content,Patient Medical History podiatry intake
IMG_3357,IMG_3357,1,Discharge Summary,Discharge Summary,discharge,high,content,Physician Discharge Summary
IMG_3358,IMG_3358,1,Discharge Summary,Discharge Note,discharge,high,content,OB Disch Postpartum Brief; filename Discharge Note 15
IMG_3359,IMG_3359,1,Discharge Summary,Discharge Note,discharge,high,content,Urology Discharge Note header
IMG_3360,IMG_3360,1,Plan of Care,Case Management Note,codeable,medium,content,Case Management Discharge Plan by case manager
IMG_3361,IMG_3361,1,Discharge Summary,Depart Summary,discharge,high,content,ED Clinical Summary Document Type Depart Summary
IMG_3362,IMG_3362,1,Discharge Summary,Discharge Summary,discharge,medium,content,ADMISSION & DISCHARGE RECORD; filename Discharge Summary 1
IMG_3363,IMG_3363,1,Discharge Summary,Discharge Summary,discharge,high,content,Result Type Discharge Summary Hospital Summary
IMG_3364,IMG_3364,1,Discharge Summary,Discharge Summary,discharge,high,content,HOSPITALIST DISCHARGE SUMMARY header
IMG_3365,IMG_3365,1,Discharge Summary,Spanish Discharge Summary,discharge,medium,content,Cierre de Caso Proceso de Alta
IMG_3366,IMG_3366,1,Discharge Summary,Discharge Summary,discharge,medium,content,No title; hospital course; filename DS 2
IMG_3367,IMG_3367,1,Discharge Summary,Discharge Summary,discharge,high,content,HOSPITALIST Discharge Summary Corewell Health
IMG_3368,IMG_3368,1,Progress Note,Progress Note,codeable,high,content,NEURO ICU PROGRESS NOTE despite DS filename
IMG_3369,IMG_3369,1,Transfer of Care Summary,Transition of Care Summary,discharge,medium,content,Document Type Transitional Care Mgmt
IMG_3370,IMG_3370,1,Discharge Summary,Principal Diagnosis,discharge,high,content,PRINCIPAL DIAGNOSIS header
IMG_3371,IMG_3371,1,Transfer of Care Summary,Transition of Care Summary,discharge,high,content,TOC Documentation and Flow Sheet
IMG_3372,IMG_3372,1,Transfer of Care Summary,Transfer Summary,discharge,medium,content,Ambulance Certification with Reason for Transfer
IMG_3373,IMG_3373,1,Transfer of Care Summary,Transfer Summary,discharge,high,content,Transfer Report header; window title Transfer - Discharge.png
IMG_3374,IMG_3374,1,Transfer of Care Summary,Anesthesia Transfer of Care Note,discharge,high,content,Anesthesia Transfer of Care Note title
IMG_3375,IMG_3375,1,Transfer of Care Summary,Transition of Care Summary,discharge,high,content,Transition of Care Summary title and filename
IMG_3376,IMG_3376,1,Problem List,Standalone Patient Summary,non_codeable,medium,content,Patient Summary for patient; eCW summary page
IMG_3377,IMG_3377,1,Progress Note,Progress Note,codeable,high,content,Annual Physical page footer says Progress Note
IMG_3378,IMG_3378,1,Operative Report,Operative Report,codeable,high,content,Cataract Operative Report title
IMG_3379,IMG_3379,1,Perioperative Evaluation,Pre-operative Evaluation,codeable,medium,content,Day of Surgery Documentation checklist form
IMG_3380,IMG_3380,1,Medication Record,Medication List,non_codeable,medium,content,Versed/Midazolam Medication Record title
IMG_3381,IMG_3381,1,Perioperative Evaluation,Pre-operative Evaluation,codeable,medium,content,Day of Surgery Documentation checklist form
IMG_3382,IMG_3382,1,Order and Requisition,Insurance Authorization Note,non_codeable,medium,content,Fidelis Care approval letter; window-title 11-A Letter
IMG_3383,IMG_3383,1,Progress Note,Office Visit Note,codeable,high,content,Header Office Visit CHRISTUS Orthopaedic Specialty Clinic
IMG_3384,IMG_3384,1,Progress Note,Office Visit Note,codeable,high,content,Office Visit continued; orders and instructions
IMG_3385,IMG_3385,1,Appointment Record,Appointment Note,non_codeable,medium,content,client convention: appointment record
IMG_3386,IMG_3386,1,Progress Note,Office Visit Note,codeable,medium,content,Office Visit continued; account and coverage
IMG_3387,IMG_3387,1,Progress Note,Office Visit Note,codeable,medium,content,Office Visit continued; referrals section
IMG_3388,IMG_3388,1,Progress Note,Office Visit Note,codeable,medium,content,Office Visit continued; referral approval letters
IMG_3389,IMG_3389,1,Appointment Record,Appointment Note,non_codeable,medium,content,client convention: appointment record
IMG_3390,IMG_3390,1,Radiology Report,Mammogram Report,non_codeable,high,content,Digital mammography with tomosynthesis diagnostic right
IMG_3391,IMG_3391,1,Radiology Report,Mammogram Report,non_codeable,medium,content,Mammography report signature page; imaging header
IMG_3392,IMG_3392,1,Telephone Encounter,Telephone Encounter,codeable,high,content,Header Telephone in Cardiothoracic Surgery Bellingham
IMG_3393,IMG_3393,1,Telephone Encounter,Telephone Encounter,codeable,high,content,Telephone encounter header; allergies section
IMG_3394,IMG_3394,1,Telephone Encounter,Telephone Encounter,codeable,high,content,Telephone encounter SBAR entries and replies
IMG_3395,IMG_3395,1,Progress Note,Progress Note,codeable,medium,content,Untitled encounter page; exam and notes
IMG_3396,IMG_3396,1,Anesthesia Record,Anesthesia Record,codeable,medium,content,Untitled page; OR anesthesia evaluations
IMG_3397,IMG_3397,1,Transfer of Care Summary,Anesthesia Transfer of Care Note,discharge,medium,content,Anesthesia Transfer of Care Note section; untitled page
IMG_3398,IMG_3398,1,Wound Care Note,Wound Care Note,codeable,high,content,Result Title Wound Treatments (ED)
IMG_3399,IMG_3399,1,Emergency Department Note,Triage Note,codeable,high,content,Result Title ED Triage
IMG_3400,IMG_3400,1,Laboratory Report,Laboratory Result,non_codeable,high,content,CUMULATIVE REPORTS lipid A1C BMP
IMG_3401,IMG_3401,1,Laboratory Report,Laboratory Result,non_codeable,high,content,BMP and CBC result tables
IMG_3402,IMG_3402,1,Laboratory Report,Laboratory Result,non_codeable,high,content,CMP and TSH result tables
IMG_3403,IMG_3403,1,Progress Note,SOAP Note,codeable,high,content,Subjective HPI Medicare Wellness visit note
IMG_3404,IMG_3404,1,Progress Note,SOAP Note,codeable,medium,inherited,ROS history medications; untitled continuation page
IMG_3405,IMG_3405,1,Progress Note,SOAP Note,codeable,high,content,Objective Examination Assessment Plan
IMG_3406,IMG_3406,1,Progress Note,SOAP Note,codeable,medium,content,Plan procedures Medicare Wellness Template
IMG_3407,IMG_3407,1,Progress Note,SOAP Note,codeable,medium,content,Labs procedure codes preventive medicine
IMG_3408,IMG_3408,1,Progress Note,SOAP Note,codeable,low,content,Billing Information and provider signature only
IMG_3409,IMG_3409,1,Progress Note,SOAP Note,codeable,high,content,Subjective Chief Complaints HPI ROS
IMG_3410,IMG_3410,1,Provider Letter,Provider Letter,codeable,medium,content,Eye Institute letter to Dr Crookston
IMG_3411,IMG_3411,1,Provider Letter,Provider Letter,codeable,medium,content,Eye Institute letter to Dr Crookston
IMG_3412,IMG_3412,1,Order and Requisition,Insurance Authorization Note,non_codeable,high,content,SimonMed prior authorization request for MRI
IMG_3413,IMG_3413,1,Progress Note,SOAP Note,codeable,high,content,Dr. Patchen SOAP Note page 1
IMG_3414,IMG_3414,1,Progress Note,SOAP Note,codeable,high,content,Dr. Patchen SOAP Note page 2
IMG_3415,IMG_3415,1,Order and Requisition,Physician Order,non_codeable,medium,content,Rx pad ordering MRI cervical spine
IMG_3416,IMG_3416,1,Order and Requisition,Physician Order,non_codeable,medium,content,Rx pad pain management consultation referral
IMG_3417,IMG_3417,1,Laboratory Report,Laboratory Result,non_codeable,low,content,Lab X-Ray MRI / CT results form
IMG_3418,IMG_3418,1,Radiology Report,X-Ray Report,non_codeable,high,content,Diagnostic Imaging Report cervical spine views
IMG_3419,IMG_3419,1,Patient Demographics,Face Sheet,codeable,high,content,Patient Demographics and Encounter Information
IMG_3420,IMG_3420,1,Discharge Summary,Discharge Summary,discharge,medium,content,Admission and discharge encounter summary page
IMG_3421,IMG_3421,1,Consent Form,Consent Form,non_codeable,high,content,Clinic Conditions of Admission consent
IMG_3422,IMG_3422,1,Consent Form,Consent Form,non_codeable,high,content,Clinic Conditions of Admission signature page
IMG_3424,IMG_3424,1,Medication Record,Medication List,non_codeable,high,content,Orders - Medications documented home medications
IMG_3425,IMG_3425,1,Medication Record,Medication List,non_codeable,medium,content,Orders - Medications prescription section
IMG_3426,IMG_3426,1,Problem List,After Visit Summary,non_codeable,high,content,After Visit Summary continued medication list
IMG_3427,IMG_3427,1,Problem List,After Visit Summary,non_codeable,high,content,After Visit Summary continued lab drawsites
IMG_3428,IMG_3428,1,Problem List,After Visit Summary,non_codeable,medium,content,Header After Visit Summary continued patient education
IMG_3429,IMG_3429,1,Problem List,After Visit Summary,non_codeable,medium,content,Header After Visit Summary continued cystoscopy education
IMG_3430,IMG_3430,1,Problem List,After Visit Summary,non_codeable,medium,content,Header After Visit Summary continued page 7
IMG_3434,IMG_3434,1,Implant Record,Device Implant Log,codeable,high,content,ITEM LOG with intraocular lens sticker
IMG_3439,IMG_3439,1,Problem List,Problem List,non_codeable,high,content,Section header Problems with coded diagnoses
IMG_3442,IMG_3442,1,Neurodiagnostic Test,Neurocognitive Screening Examination,codeable,medium,content,Mini-Cog clock drawing scored screening
IMG_3443,IMG_3443,1,Assessment and Evaluation,Functional Assessment,codeable,high,content,Care of Older Adults Functional Status Assessment
IMG_3444,IMG_3444,1,Consent Form,HIPAA Form,non_codeable,high,content,Notice of Privacy Practices page 1
IMG_3445,IMG_3445,1,Consent Form,HIPAA Form,non_codeable,high,content,Notice of Privacy Practices disclosures continued
IMG_3446,IMG_3446,1,Consent Form,HIPAA Form,non_codeable,high,content,Notice of Privacy Practices your rights
IMG_3447,IMG_3447,1,Consent Form,HIPAA Form,non_codeable,high,content,Notice of Privacy Practices signature page
IMG_3448,IMG_3448,1,Order and Requisition,Order Note,non_codeable,low,content,Cardiology Procedures telemetry order re-evaluation
IMG_3449,IMG_3449,1,Order and Requisition,Order Note,non_codeable,low,content,Cardiology Procedures telemetry order re-evaluation
IMG_3450,IMG_3450,1,Laboratory Report,Chemistry Report,non_codeable,high,content,Sonora Quest comprehensive metabolic panel result report
IMG_3451,IMG_3451,1,Provider Letter,Provider Letter,codeable,medium,content,UnitedHealthcare letter to prescriber about clinical concern
IMG_3453,IMG_3453,1,Radiology Report,X-Ray Report,non_codeable,high,content,DIAGNOSTIC IMAGING REPORT cervical spine 3 views
IMG_3454,IMG_3454,1,Emergency Department Note,Emergency Department Note,codeable,high,content,EMERGENCY ROOM REPORT Banner Desert page 1
IMG_3455,IMG_3455,1,Emergency Department Note,Emergency Department Note,codeable,high,content,EMERGENCY ROOM REPORT page 3 with prescriptions
IMG_3456,IMG_3456,1,Patient Demographics,Patient Demographics,codeable,high,content,Basic Demographics contact insurance emergency contacts page
IMG_3457,IMG_3457,1,Progress Note,Progress Note,codeable,high,content,Progress Notes gastroenterology office follow up
IMG_3458,IMG_3458,1,Emergency Department Note,Emergency Department Note,codeable,high,content,ED Provider Note with facesheet and arrival
IMG_3460,IMG_3460,1,Patient Demographics,Patient Demographics,codeable,high,content,Patient Demographics header address insurance pharmacy
IMG_3461,IMG_3461,1,Progress Note,Progress Note,codeable,high,content,Progress Notes header annual wellness visit content
IMG_3462,IMG_3462,1,Medication Record,Medication List,non_codeable,high,content,Medications table with sig quantity refills status
IMG_3463,IMG_3463,1,Laboratory Report,Laboratory Result,non_codeable,high,content,Results documented in this encounter panels
IMG_3464,IMG_3464,1,Problem List,Problem List,non_codeable,high,content,Active Problems documented as of encounter
IMG_3465,IMG_3465,1,Medication Record,Medication List,non_codeable,medium,content,Orders - Medications home meds sig quantity
IMG_3466,IMG_3466,1,Medication Record,Medication List,non_codeable,medium,content,Orders - Medications prescriptions with sig
IMG_3467,IMG_3467,1,Medication Record,Medication List,non_codeable,medium,content,Orders - Medications prescription list
IMG_3468,IMG_3468,1,Procedure Note,Cardiac Catheterization Report,codeable,high,content,Cardiac Catheterization Report title page
IMG_3469,IMG_3469,1,Procedure Note,Cardiac Catheterization Report,codeable,high,content,Cath narrative page2 doc name header
IMG_3470,IMG_3470,1,Procedure Note,Cardiac Catheterization Report,codeable,medium,content,Cath page3 sedation attestation and signatures
IMG_3471,IMG_3471,1,Procedure Note,Cardiac Catheterization Report,codeable,high,content,ASC Left Heart Report cath hemodynamics
IMG_3472,IMG_3472,1,Procedure Note,Cardiac Catheterization Report,codeable,high,content,ASC Left Heart Report fluoroscopy vitals
IMG_3473,IMG_3473,1,Procedure Note,Cardiac Catheterization Report,codeable,medium,content,ASC Left Heart Report procedure log
IMG_3474,IMG_3474,1,Procedure Note,Cardiac Catheterization Report,codeable,medium,content,ASC Left Heart Report procedure log continued
IMG_3475,IMG_3475,1,Procedure Note,Cardiac Catheterization Report,codeable,high,content,ASC Left Heart Report hemo with ECG samples
IMG_3476,IMG_3476,1,Procedure Note,Cardiac Catheterization Report,codeable,high,content,ASC Left Heart Report LV pressure tracing
IMG_3477,IMG_3477,1,Procedure Note,Cardiac Catheterization Report,codeable,high,content,ASC Left Heart Report AO tracing devices
IMG_3478,IMG_3478,1,Progress Note,SOAP Note,codeable,medium,content,Subjective HPI TAVR consult no title
IMG_3479,IMG_3479,1,Progress Note,SOAP Note,codeable,medium,content,Objective exam Assessment/Plan SOAP sections
IMG_3480,IMG_3480,1,Plan of Care,Case Management Note,codeable,medium,content,Header CASE MANAGEMENT: DISCHARGE
IMG_3481,IMG_3481,1,Discharge Summary,Discharge Summary,discharge,high,content,Banner SKAGIT REGIONAL HEALTH DISCHARGE SUMMARY
IMG_3482,IMG_3482,1,Discharge Medication,Discharge Medication List,discharge,high,content,Discharge Medications medication list
IMG_3483,IMG_3483,1,Progress Note,SOAP Note,codeable,medium,content,OBJECTIVE vitals physical exam section
IMG_3484,IMG_3484,1,Cardiac Diagnostic Test,Echocardiogram Report,codeable,high,content,ECHOCARDIOGRAM COMPLETE echocardiogram report narrative
IMG_3485,IMG_3485,1,Radiology Report,CT Scan Report,non_codeable,high,content,CT ANGIO HEAD NECK and CT HEAD
60140965.tif_Pg10,60140965.tif,10,Progress Note,Progress Note,codeable,high,content,Header reads Progress Notes telemedicine visit
60140965.tif_Pg11,60140965.tif,11,Progress Note,Progress Note,codeable,medium,content,Plan and HPI narrative no title
60140965.tif_Pg12,60140965.tif,12,Progress Note,Progress Note,codeable,medium,content,Physical Exam instructions follow-up no title
60140965.tif_Pg13,60140965.tif,13,Progress Note,Encounter Form,codeable,medium,content,Encounter Info Orders Visit Diagnoses recap
60306165_250126_1043_Pg7,60306165_250126_1043,7,Medication Record,Medication List,non_codeable,high,content,Outpatient Encounter Medications with sig dispense
60306165_250126_1043_Pg8,60306165_250126_1043,8,Assessment and Evaluation,Annual Wellness Visit,codeable,medium,content,Personalized Prevention Plan health maintenance vitals
60306165_250126_1043_Pg9,60306165_250126_1043,9,Assessment and Evaluation,Annual Wellness Visit,codeable,medium,content,seen for medicare annual wellness visit
60306165_250126_1043_Pg10,60306165_250126_1043,10,Progress Note,Progress Note,codeable,medium,content,Visit Information Progress Notes encounter note
60306165_250126_1043_Pg13,60306165_250126_1043,13,Progress Note,Progress Note,codeable,high,content,Progress Notes with Subjective section
60306165_250126_1043_Pg14,60306165_250126_1043,14,Medication Record,Medication List,non_codeable,medium,content,Current Outpatient Medications table then problems
60306165_250126_1043_Pg15,60306165_250126_1043,15,Problem List,Problem List,non_codeable,medium,content,active problems past medical surgical family history
60306165_250126_1043_Pg16,60306165_250126_1043,16,Progress Note,Progress Note,codeable,medium,content,Objective vitals Physical Exam lab results
60306165_250126_1043_Pg17,60306165_250126_1043,17,Progress Note,Progress Note,codeable,high,content,Assessment and Plan numbered problems
60306165_250126_1043_Pg18,60306165_250126_1043,18,Laboratory Report,Laboratory Result,non_codeable,medium,content,Labs Hemoglobin A1c components reference range
60306165_250126_1043_Pg31,60306165_250126_1043,31,Patient Communication,Patient Education Material,non_codeable,medium,content,exercise tips consumer information disclaimer
60306165_250126_1043_Pg32,60306165_250126_1043,32,Laboratory Report,Laboratory Result,non_codeable,high,content,Laboratory report A1c and albuminuria ranges
60306165_250126_1043_Pg39,60306165_250126_1043,39,Laboratory Report,Laboratory Result,non_codeable,high,content,titled Laboratory report
60306165_250126_1043_Pg40,60306165_250126_1043,40,Medication Record,Medication List,non_codeable,high,content,titled Current Medication List
60306165_250126_1043_Pg41,60306165_250126_1043,41,Medication Record,Medication List,non_codeable,high,content,medication entries with instructions and refills
60306165_250126_1043_Pg42,60306165_250126_1043,42,Medication Record,Medication List,non_codeable,medium,content,omeprazole entry quantity refill only
60307605_Pg2,60307605,2,Patient Demographics,Patient Demographics,codeable,high,content,title Patient Information Patient Demographics
60307605_Pg3,60307605,3,Patient Demographics,Face Sheet,codeable,medium,content,insurance carrier and policy table only
60307605_Pg4,60307605,4,Progress Note,Chief Complaint and History of Present Illness,codeable,medium,content,Chief Complaint and History of Present Illness
60307605_Pg5,60307605,5,Progress Note,Progress Note,codeable,medium,content,Note Date history medications allergies social
60307605_Pg6,60307605,6,Progress Note,Progress Note,codeable,medium,content,ROS Vitals Physical Exam then Labs
60307605_Pg7,60307605,7,Progress Note,Progress Note,codeable,medium,content,labs imaging and Problem List sections
60307605_Pg8,60307605,8,Progress Note,Progress Note,codeable,high,content,Impression Plan Procedure signed note
60307605_Pg9,60307605,9,Progress Note,Chief Complaint and History of Present Illness,codeable,medium,content,Reason for Consult Chief Complaint HPI
60307605_Pg10,60307605,10,Radiology Report,Radiology Report,non_codeable,medium,content,numbered mammogram and ultrasound narratives
60307605_Pg11,60307605,11,Progress Note,Progress Note,codeable,medium,content,Pathology medical surgical social history medications
60307605_Pg12,60307605,12,Progress Note,Progress Note,codeable,high,content,ROS Problems Vitals Physical Exam Assessment
60307605_Pg13,60307605,13,Progress Note,Progress Note,codeable,high,content,Plan New Orders electronically signed
60307605_Pg14,60307605,14,Progress Note,Chief Complaint and History of Present Illness,codeable,medium,content,Chief Complaint Principal Diagnosis HPI telemedicine
60307605_Pg15,60307605,15,Progress Note,Progress Note,codeable,medium,content,Interval History medications allergies social family
60307605_Pg16,60307605,16,Progress Note,Progress Note,codeable,medium,content,ROS Vitals Physical Exam Labs tables
60307605_Pg17,60307605,17,Progress Note,Progress Note,codeable,medium,content,lab tables imaging and Problem List
60307605_Pg18,60307605,18,Progress Note,Progress Note,codeable,high,content,Impression Plan Procedure signed note
60307605_Pg19,60307605,19,Progress Note,Chief Complaint and History of Present Illness,codeable,medium,content,Chief Complaint Diagnosis Interval History HPI
60307605_Pg20,60307605,20,Radiology Report,Radiology Report,non_codeable,medium,content,numbered diagnostic mammogram narratives with BI-RADS
60307605_Pg21,60307605,21,Progress Note,Progress Note,codeable,medium,content,surgical gynecologic social history medications ROS
60307605_Pg22,60307605,22,Progress Note,Progress Note,codeable,high,content,Problems Vital Signs Physical Exam Assessment
60307605_Pg23,60307605,23,Progress Note,Progress Note,codeable,high,content,Plan New Orders electronically signed
60307605_Pg25,60307605,25,Radiology Report,Mammogram Report,non_codeable,high,content,EXAM Diagnostic mammogram FINDINGS IMPRESSION BIRADS
60307605_Pg26,60307605,26,Radiology Report,Radiology Report,non_codeable,medium,content,radiology report tail signed by radiologist
60307605_Pg29,60307605,29,Radiology Report,Mammogram Report,non_codeable,high,content,DIGITAL DIAGNOSTIC MAMMOGRAM BILATERAL WITH TOMOSYNTHESIS
60307605_Pg30,60307605,30,Radiology Report,Mammogram Report,non_codeable,high,content,IMPRESSION BIRADS Category 2 mammogram recommended
60520955.tif_Pg11,60520955.tif,11,Progress Note,Patient Encounter,codeable,medium,content,Encounter ID date assessed problems plan
60520955.tif_Pg12,60520955.tif,12,Medication Record,Medication List,non_codeable,medium,content,End of Encounter Meds list
60520955.tif_Pg13,60520955.tif,13,Progress Note,Chief Complaint and History of Present Illness,codeable,medium,content,History of Present Illness heading present
60520955.tif_Pg14,60520955.tif,14,Progress Note,Progress Note,codeable,medium,content,HPI Vitals Physical Exam sections
60520955.tif_Pg15,60520955.tif,15,Problem List,Problem List,non_codeable,high,content,Active Problems numbered ICD list
60520955.tif_Pg16,60520955.tif,16,Problem List,Problem List,non_codeable,medium,content,Active Problems and Past Medical History
60520955.tif_Pg17,60520955.tif,17,Problem List,Problem List,non_codeable,medium,content,Past Medical History diagnosis list
60520955.tif_Pg18,60520955.tif,18,Problem List,Problem List,non_codeable,low,content,Surgical Family Social History lists
60520955.tif_Pg19,60520955.tif,19,Unknown,Unknown,not_applicable,low,content,only electronic signature line visible
60143458.tif_Pg8,60143458.tif,8,Progress Note,Office Visit Note,codeable,medium,content,Visit tail instructions diagnoses med changes
60143458.tif_Pg9,60143458.tif,9,Progress Note,Office Visit Note,codeable,high,content,Office Visit with Progress Notes header
60143458.tif_Pg10,60143458.tif,10,Progress Note,Office Visit Note,codeable,medium,content,Review of Systems and Physical Exam
60143458.tif_Pg11,60143458.tif,11,Progress Note,Office Visit Note,codeable,medium,content,Exam and Assessment & Plan
60143458.tif_Pg12,60143458.tif,12,Progress Note,Office Visit Note,codeable,medium,content,Assessment & Plan by problem
60143458.tif_Pg13,60143458.tif,13,Progress Note,Office Visit Note,codeable,medium,content,Assessment Plan counseling and follow up
60143458.tif_Pg14,60143458.tif,14,Progress Note,Progress Note,codeable,medium,content,Addendum Assessment & Plan Nursing Note list
60143458.tif_Pg15,60143458.tif,15,Progress Note,Office Visit Note,codeable,medium,content,Visit documentation vitals and visit diagnoses
60143458.tif_Pg16,60143458.tif,16,Problem List,Clinical Diagnosis List,non_codeable,low,content,Diagnosis names only no header
60143458.tif_Pg17,60143458.tif,17,Progress Note,Office Visit Note,codeable,high,content,Office Visit dermatology Progress Notes header
60143458.tif_Pg18,60143458.tif,18,Progress Note,Office Visit Note,codeable,medium,content,Physical exam and A/P dermatology
60143458.tif_Pg19,60143458.tif,19,Progress Note,Office Visit Note,codeable,medium,content,A/P instructions and medication changes
60143458.tif_Pg20,60143458.tif,20,Problem List,Clinical Diagnosis List,non_codeable,low,content,Visit Diagnoses list only
60143458.tif_Pg22,60143458.tif,22,Progress Note,Office Visit Note,codeable,medium,content,Pelvic exam and Assessment/Plan with ICD-10
60143458.tif_Pg23,60143458.tif,23,Problem List,Clinical Diagnosis List,non_codeable,low,content,Visit Diagnoses list only
60143458.tif_Pg24,60143458.tif,24,Progress Note,Office Visit Note,codeable,high,content,Office Visit dermatology Progress Notes header
60143458.tif_Pg25,60143458.tif,25,Progress Note,Office Visit Note,codeable,medium,content,Physical exam and A/P dermatology
60143458.tif_Pg26,60143458.tif,26,Progress Note,Office Visit Note,codeable,medium,content,A/P and visit instructions
60143458.tif_Pg27,60143458.tif,27,Progress Note,Office Visit Note,codeable,medium,content,Vitals med changes and visit diagnoses
60309849_250126_0949_Pg2,60309849_250126_0949,2,Progress Note,Chief Complaint and History of Present Illness,codeable,medium,content,Date of Service Chief Complaint HPI headers
60309849_250126_0949_Pg3,60309849_250126_0949,3,Progress Note,Progress Note,codeable,medium,content,Interval History medications social history
60309849_250126_0949_Pg4,60309849_250126_0949,4,Progress Note,Progress Note,codeable,medium,content,ROS vitals physical exam sections
60309849_250126_0949_Pg5,60309849_250126_0949,5,Laboratory Report,Laboratory Result,non_codeable,medium,content,Chemistries and tumor marker tables
60309849_250126_0949_Pg6,60309849_250126_0949,6,Progress Note,Progress Note,codeable,high,content,Impression and Plan signed note
60309849_250126_0949_Pg7,60309849_250126_0949,7,Progress Note,Chief Complaint and History of Present Illness,codeable,medium,content,Date of Service Chief Complaint HPI headers
60309849_250126_0949_Pg8,60309849_250126_0949,8,Progress Note,Progress Note,codeable,medium,content,Interval History past medical history medications
60309849_250126_0949_Pg9,60309849_250126_0949,9,Progress Note,Progress Note,codeable,medium,content,ROS vitals physical exam sections
60309849_250126_0949_Pg10,60309849_250126_0949,10,Laboratory Report,Laboratory Result,non_codeable,medium,content,Chemistries CBC and tumor marker tables
60309849_250126_0949_Pg11,60309849_250126_0949,11,Progress Note,Progress Note,codeable,high,content,Impression and Plan signed note
60309849_250126_0949_Pg12,60309849_250126_0949,12,Progress Note,Chief Complaint and History of Present Illness,codeable,medium,content,Date of Service Chief Complaint HPI headers
60309849_250126_0949_Pg13,60309849_250126_0949,13,Progress Note,Progress Note,codeable,medium,content,Interval History past medical history medications
60309849_250126_0949_Pg14,60309849_250126_0949,14,Progress Note,Progress Note,codeable,medium,content,Social family history vitals physical exam
60309849_250126_0949_Pg15,60309849_250126_0949,15,Laboratory Report,Laboratory Result,non_codeable,medium,content,CBC chemistries tumor marker tables
60309849_250126_0949_Pg16,60309849_250126_0949,16,Progress Note,Progress Note,codeable,high,content,Impression and Plan signed note
60309849_250126_0949_Pg17,60309849_250126_0949,17,Pathology Report,Pathology Report,codeable,high,content,Histologic grade pTNM and gross description
60309849_250126_0949_Pg18,60309849_250126_0949,18,Pathology Report,Pathology Report,codeable,high,content,Gross description Pathology Surgical Interpretation
60309849_250126_0949_Pg22,60309849_250126_0949,22,Patient Demographics,Patient Demographics,codeable,high,content,Titled Patient Demographics with insurance
60309849_250126_0949_Pg23,60309849_250126_0949,23,Patient Demographics,Patient Demographics,codeable,low,content,Near-empty insurance table page 2
60309849_250126_0949_Pg30,60309849_250126_0949,30,Radiology Report,CT Scan Report,non_codeable,high,content,CT chest abdomen pelvis findings
60309849_250126_0949_Pg31,60309849_250126_0949,31,Radiology Report,CT Scan Report,non_codeable,high,content,CT findings impression signed by radiologist
60309849_250126_0949_Pg32,60309849_250126_0949,32,Procedure Note,Procedure Note,codeable,medium,content,US guided paracentesis procedure report
60521389.tif_Pg17,60521389.tif,17,Problem List,Problem List,non_codeable,medium,content,Numbered problem list Future Appointments Past Medical History
60521389.tif_Pg18,60521389.tif,18,Problem List,Problem List,non_codeable,medium,content,Problem list Surgical Family Social History sections
60521389.tif_Pg19,60521389.tif,19,Unknown,Unknown,not_applicable,low,content,Few social history lines plus Signatures only
