epoch,train_loss,val_macro_f1,val_accuracy,seconds
1,3.5142,0.0052,0.0458,19.3
2,3.304,0.0757,0.1765,18.4
3,3.09,0.1233,0.2288,18.5
4,2.825,0.1436,0.2941,18.8
5,2.4825,0.2157,0.4444,18.8
6,2.2094,0.217,0.3725,19.1
7,1.9135,0.2774,0.4902,19.1
8,1.6249,0.3588,0.5359,19.9
9,1.3597,0.3919,0.5948,19.4
10,1.1358,0.3795,0.5556,19.3
11,0.9293,0.4451,0.634,19.8
12,0.7503,0.4588,0.6601,19.7
13,0.6065,0.4287,0.6144,19.6
14,0.489,0.4305,0.6144,19.7
15,0.416,0.4549,0.6209,19.5
16,0.3598,0.4447,0.6275,19.9
17,0.2928,0.4366,0.5948,19.8
18,0.2482,0.4575,0.634,19.7
19,0.2104,0.4427,0.6405,19.6
20,0.1859,0.4619,0.634,19.6
